sensor_id,timestamp,temperature,humidity,location,sensor_type
1046,2025-04-05 23:39:06,15.35,36.92,BuildingB_Floor1,TypeB
1002,2025-04-06 21:39:03,28.18,35.86,BuildingB_Floor1,TypeB
1029,2025-04-04 22:39:02,30.01,61.66,BuildingB_Floor1,TypeB
1076,2025-04-05 15:14:28,23.05,59.53,BuildingB_Floor2,TypeC
1018,2025-04-04 07:58:54,15.87,42.13,BuildingB_Floor1,TypeC
1015,2025-04-04 19:07:12,22.84,61.1,BuildingB_Floor1,TypeA
1071,2025-04-05 05:10:24,20.27,54.35,BuildingA_Floor2,TypeB
1056,2025-04-06 02:15:06,34.71,73.96,BuildingB_Floor1,TypeB
1059,2025-04-04 18:59:20,29.79,51.82,BuildingB_Floor1,TypeA
1080,2025-04-04 02:38:29,25.31,79.87,BuildingB_Floor2,TypeB
1046,2025-04-03 01:36:23,24.9,59.78,BuildingB_Floor1,TypeB
1096,2025-04-06 04:28:31,18.96,32.31,BuildingB_Floor1,TypeB
1088,2025-04-03 09:13:09,29.59,61.27,BuildingA_Floor2,TypeA
1017,2025-04-05 22:12:10,33.91,79.61,BuildingA_Floor1,TypeC
1003,2025-04-07 22:42:00,26.08,38.56,BuildingA_Floor1,TypeC
1005,2025-04-07 17:08:49,22.5,34.72,BuildingA_Floor2,TypeA
1021,2025-04-07 05:22:14,29.58,72.53,BuildingB_Floor1,TypeA
1049,2025-04-06 07:04:58,18.27,37.56,BuildingB_Floor2,TypeA
1096,2025-04-05 02:34:07,31.01,69.7,BuildingB_Floor1,TypeA
1000,2025-04-06 04:00:08,26.43,74.08,BuildingB_Floor2,TypeB
1098,2025-04-06 01:20:51,22.33,50.35,BuildingB_Floor2,TypeA
1059,2025-04-07 09:59:44,15.91,64.26,BuildingA_Floor1,TypeB
1032,2025-04-06 18:14:15,31.03,69.47,BuildingA_Floor2,TypeC
1036,2025-04-06 00:28:58,32.01,55.99,BuildingA_Floor2,TypeA
1091,2025-04-04 01:42:12,22.86,76.89,BuildingB_Floor1,TypeC
1060,2025-04-04 13:18:14,18.44,55.31,BuildingB_Floor2,TypeC
1059,2025-04-07 17:33:03,18.99,50.47,BuildingB_Floor1,TypeC
1091,2025-04-07 20:47:46,22.57,41.82,BuildingA_Floor1,TypeC
1019,2025-04-04 06:10:18,34.31,48.39,BuildingB_Floor1,TypeA
1055,2025-04-06 10:06:30,27.96,61.71,BuildingB_Floor2,TypeC
1087,2025-04-05 21:53:26,17.21,65.95,BuildingA_Floor1,TypeC
1057,2025-04-05 11:32:40,16.22,36.39,BuildingA_Floor1,TypeC
1034,2025-04-05 17:59:09,25.92,51.47,BuildingA_Floor2,TypeA
1057,2025-04-06 07:31:12,19.11,64.69,BuildingA_Floor2,TypeA
1081,2025-04-06 08:38:14,26.84,44.13,BuildingB_Floor1,TypeA
1011,2025-04-03 00:41:38,28.41,50.12,BuildingB_Floor2,TypeB
1021,2025-04-05 02:59:42,32.71,55.43,BuildingB_Floor2,TypeA
1092,2025-04-06 12:49:31,27.13,50.1,BuildingB_Floor2,TypeA
1026,2025-04-05 01:41:10,25.54,57.31,BuildingA_Floor1,TypeB
1053,2025-04-06 23:53:03,25.54,61.56,BuildingA_Floor2,TypeA
1001,2025-04-06 10:03:37,21.4,43.62,BuildingA_Floor2,TypeC
1041,2025-04-04 05:20:53,26.32,77.88,BuildingA_Floor2,TypeB
1015,2025-04-07 07:58:11,21.14,35.16,BuildingA_Floor1,TypeB
1066,2025-04-04 17:54:46,28.9,55.9,BuildingB_Floor2,TypeA
1030,2025-04-07 19:08:38,29.24,75.64,BuildingB_Floor2,TypeC
1066,2025-04-06 18:08:40,24.09,30.37,BuildingA_Floor1,TypeA
1006,2025-04-06 09:58:49,31.05,68.85,BuildingA_Floor2,TypeB
1073,2025-04-06 06:49:48,22.7,78.41,BuildingA_Floor2,TypeC
1012,2025-04-06 17:59:56,32.98,52.8,BuildingB_Floor2,TypeC
1083,2025-04-03 06:36:03,32.83,47.35,BuildingA_Floor1,TypeB
1007,2025-04-05 11:35:26,25.49,43.02,BuildingA_Floor1,TypeA
1026,2025-04-03 12:36:58,33.44,67.2,BuildingA_Floor2,TypeA
1033,2025-04-06 10:16:33,19.58,55.43,BuildingB_Floor1,TypeA
1028,2025-04-03 22:58:37,17.08,36.5,BuildingB_Floor2,TypeB
1038,2025-04-06 04:41:33,18.74,61.85,BuildingA_Floor1,TypeC
1090,2025-04-05 06:44:13,25.64,43.22,BuildingA_Floor2,TypeA
1012,2025-04-06 01:00:12,18.64,48.89,BuildingB_Floor2,TypeB
1063,2025-04-07 12:01:56,30.15,67.07,BuildingB_Floor1,TypeB
1088,2025-04-07 15:06:11,17.69,64.98,BuildingA_Floor1,TypeB
1046,2025-04-06 12:26:23,17.22,50.42,BuildingB_Floor1,TypeC
1040,2025-04-05 05:46:18,22.32,43.72,BuildingA_Floor1,TypeB
1013,2025-04-07 09:06:56,16.99,74.7,BuildingA_Floor2,TypeA
1034,2025-04-03 19:50:26,28.45,74.67,BuildingA_Floor1,TypeB
1029,2025-04-06 21:51:30,29.94,49.34,BuildingB_Floor1,TypeC
1076,2025-04-06 05:01:00,16.89,73.05,BuildingB_Floor1,TypeC
1029,2025-04-04 00:16:58,30.79,39.48,BuildingB_Floor2,TypeA
1088,2025-04-05 18:10:31,31.46,79.96,BuildingB_Floor2,TypeB
1034,2025-04-02 23:59:10,29.05,63.07,BuildingA_Floor2,TypeC
1073,2025-04-04 00:24:00,16.68,72.66,BuildingB_Floor1,TypeB
1039,2025-04-02 22:54:19,30.84,48.02,BuildingB_Floor1,TypeA
1000,2025-04-04 19:26:14,25.35,63.86,BuildingA_Floor1,TypeC
1059,2025-04-07 10:27:08,26.11,44.26,BuildingA_Floor1,TypeC
1022,2025-04-07 04:02:50,15.12,35.04,BuildingB_Floor2,TypeA
1080,2025-04-04 00:55:12,30.17,73.44,BuildingB_Floor2,TypeB
1037,2025-04-07 22:40:09,24.57,48.95,BuildingA_Floor1,TypeB
1066,2025-04-03 11:58:48,33.12,77.38,BuildingA_Floor1,TypeB
1088,2025-04-05 06:08:25,27.71,49.46,BuildingB_Floor1,TypeA
1083,2025-04-03 04:04:05,16.13,63.61,BuildingA_Floor2,TypeB
1057,2025-04-05 07:31:44,16.34,50.82,BuildingB_Floor1,TypeA
1020,2025-04-02 23:03:27,24.37,38.94,BuildingB_Floor2,TypeC
1004,2025-04-05 15:12:16,15.9,59.18,BuildingA_Floor1,TypeC
1060,2025-04-03 02:35:58,19.25,47.93,BuildingA_Floor1,TypeA
1025,2025-04-07 10:33:26,23.7,63.48,BuildingA_Floor2,TypeC
1025,2025-04-05 20:37:06,33.87,48.9,BuildingB_Floor1,TypeA
1018,2025-04-04 12:56:25,27.59,54.42,BuildingB_Floor1,TypeC
1032,2025-04-03 05:50:48,21.59,38.14,BuildingA_Floor2,TypeC
1085,2025-04-04 14:46:13,27.41,46.62,BuildingB_Floor1,TypeC
1020,2025-04-03 09:18:06,21.28,34.85,BuildingA_Floor2,TypeA
1091,2025-04-05 04:31:31,33.67,62.71,BuildingB_Floor1,TypeB
1028,2025-04-04 23:37:18,17.04,59.76,BuildingA_Floor1,TypeB
1074,2025-04-03 11:15:32,27.0,42.5,BuildingA_Floor1,TypeA
1007,2025-04-03 16:00:22,25.31,64.83,BuildingB_Floor2,TypeB
1044,2025-04-06 19:32:23,15.25,46.71,BuildingA_Floor2,TypeB
1066,2025-04-06 10:21:04,30.68,65.91,BuildingA_Floor1,TypeB
1063,2025-04-05 02:12:01,23.96,52.49,BuildingB_Floor2,TypeC
1047,2025-04-07 19:55:14,22.98,77.49,BuildingA_Floor1,TypeA
1038,2025-04-05 04:52:47,24.23,58.46,BuildingA_Floor2,TypeB
1037,2025-04-03 21:50:58,17.35,44.6,BuildingB_Floor2,TypeA
1006,2025-04-07 21:34:21,17.98,75.39,BuildingB_Floor1,TypeC
1073,2025-04-06 11:20:37,19.21,77.3,BuildingA_Floor1,TypeB
1060,2025-04-05 20:29:02,32.96,50.62,BuildingA_Floor1,TypeA
1014,2025-04-04 06:21:05,20.94,68.11,BuildingB_Floor2,TypeC
1025,2025-04-05 02:59:06,32.23,34.97,BuildingB_Floor1,TypeA
1050,2025-04-03 16:26:25,34.1,30.13,BuildingB_Floor1,TypeA
1094,2025-04-04 17:20:00,25.29,55.9,BuildingB_Floor1,TypeC
1089,2025-04-04 17:28:31,19.8,66.65,BuildingA_Floor1,TypeA
1095,2025-04-05 18:09:35,22.72,61.45,BuildingA_Floor2,TypeB
1065,2025-04-03 03:18:55,34.44,34.51,BuildingA_Floor2,TypeB
1095,2025-04-03 23:44:19,27.56,62.64,BuildingB_Floor1,TypeA
1092,2025-04-04 04:43:09,19.19,68.23,BuildingB_Floor2,TypeA
1050,2025-04-07 20:19:09,30.24,38.56,BuildingB_Floor1,TypeC
1086,2025-04-04 13:04:15,19.82,67.7,BuildingA_Floor2,TypeB
1036,2025-04-03 04:05:11,17.84,38.28,BuildingB_Floor1,TypeB
1036,2025-04-03 11:11:52,33.91,58.81,BuildingA_Floor2,TypeA
1039,2025-04-06 23:40:43,33.51,40.6,BuildingB_Floor2,TypeA
1067,2025-04-06 02:02:48,25.25,72.49,BuildingA_Floor1,TypeA
1029,2025-04-05 16:46:43,23.04,32.63,BuildingB_Floor1,TypeA
1035,2025-04-06 03:45:03,17.3,79.62,BuildingA_Floor1,TypeB
1086,2025-04-05 13:48:43,17.74,72.53,BuildingB_Floor2,TypeA
1057,2025-04-06 02:11:01,23.68,41.39,BuildingA_Floor1,TypeB
1032,2025-04-07 21:18:56,17.71,75.43,BuildingA_Floor1,TypeB
1093,2025-04-06 19:56:54,21.58,64.35,BuildingA_Floor2,TypeC
1020,2025-04-04 11:27:36,19.25,33.85,BuildingA_Floor1,TypeB
1022,2025-04-04 06:58:26,22.05,79.25,BuildingB_Floor1,TypeA
1008,2025-04-04 03:43:52,29.71,49.9,BuildingA_Floor1,TypeB
1094,2025-04-05 04:03:30,33.06,70.52,BuildingA_Floor1,TypeA
1044,2025-04-04 21:53:13,21.55,55.24,BuildingB_Floor2,TypeB
1037,2025-04-06 19:13:27,23.76,64.8,BuildingB_Floor1,TypeA
1096,2025-04-03 21:51:39,32.96,75.41,BuildingA_Floor2,TypeC
1032,2025-04-06 15:22:00,21.48,35.73,BuildingB_Floor1,TypeC
1014,2025-04-04 19:21:26,29.63,79.5,BuildingB_Floor2,TypeB
1026,2025-04-07 10:30:35,20.96,31.47,BuildingA_Floor2,TypeC
1072,2025-04-07 02:38:56,27.69,56.62,BuildingA_Floor1,TypeC
1070,2025-04-04 07:08:47,30.11,60.87,BuildingB_Floor2,TypeB
1066,2025-04-07 15:06:32,33.73,36.87,BuildingB_Floor1,TypeA
1025,2025-04-04 01:49:43,32.85,44.59,BuildingB_Floor1,TypeA
1072,2025-04-05 07:13:10,22.78,50.68,BuildingB_Floor1,TypeC
1062,2025-04-03 15:36:30,31.95,43.87,BuildingA_Floor2,TypeC
1052,2025-04-03 21:57:11,20.13,60.49,BuildingA_Floor1,TypeC
1000,2025-04-06 21:18:36,33.07,36.81,BuildingB_Floor2,TypeA
1099,2025-04-06 02:01:17,29.61,50.75,BuildingB_Floor1,TypeB
1003,2025-04-06 12:57:51,17.36,38.95,BuildingB_Floor1,TypeC
1028,2025-04-07 20:40:53,16.8,47.78,BuildingA_Floor1,TypeB
1090,2025-04-05 18:04:34,27.09,65.94,BuildingA_Floor2,TypeA
1029,2025-04-07 20:16:28,33.29,48.78,BuildingB_Floor2,TypeB
1074,2025-04-05 17:27:39,17.72,49.21,BuildingB_Floor2,TypeC
1011,2025-04-07 02:37:51,24.57,34.42,BuildingB_Floor1,TypeC
1072,2025-04-07 06:03:05,16.26,68.63,BuildingB_Floor1,TypeC
1070,2025-04-02 23:17:31,32.9,33.52,BuildingA_Floor1,TypeA
1067,2025-04-07 03:14:03,25.18,52.28,BuildingA_Floor2,TypeC
1050,2025-04-06 19:19:38,27.7,76.96,BuildingB_Floor2,TypeB
1005,2025-04-06 17:08:27,18.99,60.69,BuildingA_Floor1,TypeC
1032,2025-04-07 09:47:36,17.98,54.9,BuildingB_Floor1,TypeB
1093,2025-04-06 11:31:02,16.09,47.53,BuildingA_Floor1,TypeC
1038,2025-04-04 19:49:53,24.72,75.27,BuildingB_Floor1,TypeC
1025,2025-04-04 06:33:29,26.3,47.23,BuildingB_Floor2,TypeB
1006,2025-04-03 02:33:59,34.57,66.11,BuildingB_Floor1,TypeC
1078,2025-04-02 23:11:13,17.48,51.2,BuildingA_Floor2,TypeC
1069,2025-04-03 11:16:46,22.3,58.91,BuildingB_Floor2,TypeA
1068,2025-04-03 19:48:28,19.52,40.37,BuildingA_Floor2,TypeA
1043,2025-04-03 13:03:08,23.25,73.45,BuildingB_Floor2,TypeC
1010,2025-04-05 09:08:33,29.52,59.82,BuildingB_Floor2,TypeA
1046,2025-04-06 07:10:47,16.12,34.36,BuildingA_Floor2,TypeA
1041,2025-04-05 10:35:05,22.36,69.28,BuildingB_Floor1,TypeA
1009,2025-04-04 19:53:53,30.67,53.4,BuildingA_Floor1,TypeA
1076,2025-04-05 00:25:20,33.36,31.05,BuildingB_Floor1,TypeB
1011,2025-04-05 00:03:07,16.57,71.25,BuildingA_Floor2,TypeC
1084,2025-04-05 20:53:22,26.82,66.03,BuildingA_Floor1,TypeC
1047,2025-04-06 23:43:45,29.92,50.8,BuildingB_Floor1,TypeA
1088,2025-04-03 02:30:55,23.29,63.28,BuildingB_Floor1,TypeB
1059,2025-04-06 08:10:52,34.22,73.2,BuildingB_Floor1,TypeB
1009,2025-04-03 09:19:37,25.05,74.14,BuildingB_Floor2,TypeB
1051,2025-04-05 12:14:03,30.62,50.43,BuildingA_Floor1,TypeB
1015,2025-04-06 04:23:36,33.82,50.93,BuildingB_Floor1,TypeB
1004,2025-04-06 18:30:13,30.56,35.05,BuildingA_Floor1,TypeB
1024,2025-04-04 18:35:49,33.38,40.75,BuildingA_Floor2,TypeC
1011,2025-04-05 07:26:14,33.24,63.37,BuildingB_Floor1,TypeC
1077,2025-04-04 23:05:46,25.91,66.54,BuildingA_Floor1,TypeC
1003,2025-04-05 02:06:09,17.95,76.29,BuildingA_Floor1,TypeB
1096,2025-04-07 05:05:56,22.64,48.5,BuildingB_Floor1,TypeA
1069,2025-04-07 08:45:58,22.22,73.16,BuildingA_Floor1,TypeA
1029,2025-04-06 15:04:18,23.08,74.84,BuildingA_Floor2,TypeC
1036,2025-04-06 22:24:19,18.38,76.08,BuildingB_Floor2,TypeC
1027,2025-04-07 01:04:13,31.49,76.5,BuildingA_Floor2,TypeC
1073,2025-04-05 00:44:08,30.87,40.38,BuildingA_Floor1,TypeA
1049,2025-04-03 04:40:20,34.37,31.35,BuildingA_Floor2,TypeA
1080,2025-04-04 19:55:13,22.65,36.89,BuildingA_Floor1,TypeB
1062,2025-04-07 00:01:23,23.58,43.31,BuildingB_Floor2,TypeA
1076,2025-04-06 15:49:00,30.06,72.72,BuildingB_Floor2,TypeB
1068,2025-04-06 21:07:04,28.03,36.03,BuildingB_Floor1,TypeB
1050,2025-04-06 02:13:53,30.0,41.14,BuildingA_Floor2,TypeC
1066,2025-04-05 09:28:59,23.65,51.9,BuildingA_Floor2,TypeB
1048,2025-04-05 16:53:15,23.81,40.71,BuildingA_Floor1,TypeB
1020,2025-04-07 04:50:07,21.34,60.62,BuildingB_Floor2,TypeC
1035,2025-04-03 14:19:40,26.48,51.58,BuildingB_Floor1,TypeA
1058,2025-04-06 02:07:08,32.08,53.21,BuildingA_Floor2,TypeB
1067,2025-04-05 20:44:23,27.83,40.53,BuildingA_Floor2,TypeC
1028,2025-04-05 10:19:43,32.33,58.61,BuildingB_Floor1,TypeA
1017,2025-04-05 18:43:44,34.81,77.75,BuildingA_Floor1,TypeA
1032,2025-04-07 18:51:02,29.8,71.01,BuildingB_Floor1,TypeA
1043,2025-04-05 08:14:17,15.17,43.4,BuildingB_Floor1,TypeA
1026,2025-04-05 11:37:37,34.76,51.49,BuildingB_Floor2,TypeC
1100,2025-04-06 00:00:15,15.74,40.34,BuildingA_Floor1,TypeC
1070,2025-04-07 14:27:00,21.75,36.74,BuildingA_Floor1,TypeC
1037,2025-04-03 11:58:44,19.39,50.0,BuildingA_Floor1,TypeA
1080,2025-04-07 02:48:39,26.16,57.41,BuildingB_Floor1,TypeA
1090,2025-04-03 20:26:42,19.31,42.11,BuildingA_Floor1,TypeB
1047,2025-04-05 20:39:09,16.79,70.06,BuildingB_Floor1,TypeB
1003,2025-04-05 21:10:19,33.43,56.12,BuildingA_Floor1,TypeC
1076,2025-04-03 16:57:56,32.93,73.11,BuildingA_Floor1,TypeC
1061,2025-04-04 17:09:02,24.79,45.19,BuildingB_Floor2,TypeB
1096,2025-04-06 09:19:38,25.64,72.68,BuildingA_Floor1,TypeA
1078,2025-04-05 09:51:11,33.06,74.26,BuildingA_Floor2,TypeB
1053,2025-04-03 14:56:12,22.59,39.6,BuildingB_Floor1,TypeB
1027,2025-04-03 20:51:05,20.29,48.42,BuildingB_Floor1,TypeA
1038,2025-04-06 07:27:21,16.34,48.6,BuildingB_Floor1,TypeC
1002,2025-04-05 12:56:21,32.33,31.74,BuildingA_Floor1,TypeB
1057,2025-04-05 18:51:37,25.82,30.99,BuildingB_Floor1,TypeB
1083,2025-04-06 16:32:26,17.44,75.36,BuildingA_Floor1,TypeA
1065,2025-04-06 07:30:34,32.37,57.97,BuildingA_Floor2,TypeC
1082,2025-04-05 03:39:18,16.97,58.25,BuildingB_Floor2,TypeB
1039,2025-04-03 08:11:34,31.48,75.46,BuildingA_Floor1,TypeB
1011,2025-04-07 14:38:16,29.51,34.73,BuildingB_Floor2,TypeA
1021,2025-04-03 07:52:34,17.26,55.7,BuildingA_Floor1,TypeB
1025,2025-04-04 02:09:26,17.54,30.65,BuildingB_Floor2,TypeA
1074,2025-04-06 20:09:51,15.42,66.05,BuildingB_Floor2,TypeA
1036,2025-04-03 03:51:38,24.96,70.04,BuildingB_Floor2,TypeC
1014,2025-04-07 07:59:20,27.33,46.21,BuildingA_Floor2,TypeB
1029,2025-04-04 22:44:04,25.96,50.48,BuildingA_Floor2,TypeA
1031,2025-04-03 14:39:40,32.17,72.85,BuildingB_Floor1,TypeA
1008,2025-04-07 10:55:26,28.57,64.09,BuildingB_Floor1,TypeB
1099,2025-04-03 14:02:22,28.74,64.25,BuildingA_Floor2,TypeC
1028,2025-04-03 02:34:23,25.39,71.35,BuildingB_Floor2,TypeC
1020,2025-04-07 10:59:23,16.08,69.47,BuildingB_Floor1,TypeC
1082,2025-04-04 08:19:21,32.76,70.03,BuildingA_Floor2,TypeC
1033,2025-04-03 17:17:16,16.57,65.35,BuildingB_Floor1,TypeB
1034,2025-04-04 02:45:59,25.87,51.96,BuildingA_Floor1,TypeC
1000,2025-04-03 00:57:43,22.1,60.05,BuildingA_Floor2,TypeB
1087,2025-04-05 06:01:44,30.4,74.69,BuildingB_Floor2,TypeB
1011,2025-04-07 11:08:17,27.96,50.57,BuildingA_Floor2,TypeC
1030,2025-04-03 06:08:50,34.98,30.26,BuildingB_Floor1,TypeB
1081,2025-04-05 07:40:31,33.52,59.51,BuildingB_Floor1,TypeB
1010,2025-04-03 17:34:00,19.12,62.31,BuildingA_Floor1,TypeB
1084,2025-04-03 03:06:16,22.47,49.37,BuildingA_Floor1,TypeB
1020,2025-04-05 09:49:06,34.85,55.78,BuildingB_Floor1,TypeB
1027,2025-04-05 19:27:04,18.81,67.37,BuildingA_Floor2,TypeB
1019,2025-04-06 15:39:08,30.02,40.52,BuildingA_Floor2,TypeA
1048,2025-04-05 11:11:06,33.21,50.68,BuildingA_Floor2,TypeB
1007,2025-04-04 20:09:09,24.48,57.92,BuildingA_Floor2,TypeB
1074,2025-04-05 23:34:36,30.87,72.01,BuildingB_Floor2,TypeA
1031,2025-04-05 01:37:38,22.23,70.04,BuildingA_Floor2,TypeB
1032,2025-04-05 18:02:20,19.71,58.71,BuildingB_Floor2,TypeC
1060,2025-04-06 15:44:05,21.19,53.34,BuildingB_Floor1,TypeC
1025,2025-04-06 00:32:48,15.82,55.76,BuildingB_Floor1,TypeC
1058,2025-04-06 19:40:37,28.51,53.77,BuildingB_Floor2,TypeB
1050,2025-04-04 20:03:40,23.37,62.86,BuildingB_Floor1,TypeB
1024,2025-04-03 15:50:40,20.6,53.09,BuildingB_Floor2,TypeA
1055,2025-04-04 22:29:34,29.31,30.85,BuildingA_Floor2,TypeB
1090,2025-04-03 14:16:34,23.26,65.14,BuildingB_Floor1,TypeA
1005,2025-04-05 13:47:02,25.53,51.25,BuildingB_Floor2,TypeA
1085,2025-04-04 11:07:22,27.73,57.03,BuildingB_Floor1,TypeB
1093,2025-04-04 06:58:46,33.27,66.15,BuildingA_Floor1,TypeA
1016,2025-04-03 10:23:32,24.05,73.68,BuildingB_Floor1,TypeB
1066,2025-04-03 21:08:08,16.7,68.05,BuildingA_Floor1,TypeA
1048,2025-04-07 02:53:04,25.74,36.22,BuildingA_Floor2,TypeA
1035,2025-04-07 16:07:05,25.54,58.18,BuildingB_Floor1,TypeC
1070,2025-04-06 09:02:02,17.47,73.88,BuildingA_Floor2,TypeA
1081,2025-04-06 07:54:16,21.46,72.8,BuildingB_Floor1,TypeC
1031,2025-04-05 19:03:00,20.83,71.03,BuildingA_Floor2,TypeB
1078,2025-04-07 06:07:49,20.72,58.87,BuildingB_Floor2,TypeB
1002,2025-04-05 23:14:14,24.66,39.14,BuildingA_Floor1,TypeC
1093,2025-04-03 12:37:53,19.29,68.08,BuildingA_Floor2,TypeC
1038,2025-04-06 06:53:37,20.93,74.83,BuildingA_Floor2,TypeB
1009,2025-04-03 00:24:29,26.29,43.43,BuildingB_Floor1,TypeA
1077,2025-04-06 02:24:46,17.26,34.25,BuildingA_Floor2,TypeB
1001,2025-04-07 17:57:31,16.38,37.98,BuildingB_Floor2,TypeA
1093,2025-04-07 20:07:59,34.18,52.92,BuildingA_Floor1,TypeB
1042,2025-04-07 00:16:05,27.98,45.49,BuildingA_Floor2,TypeC
1080,2025-04-04 16:56:53,34.83,42.9,BuildingA_Floor1,TypeB
1069,2025-04-05 02:14:52,18.33,56.16,BuildingB_Floor1,TypeB
1013,2025-04-05 04:36:16,31.78,72.99,BuildingB_Floor1,TypeC
1055,2025-04-05 14:28:51,16.65,37.94,BuildingB_Floor1,TypeB
1016,2025-04-03 02:59:49,27.75,31.45,BuildingA_Floor1,TypeC
1020,2025-04-03 04:53:38,33.19,71.65,BuildingA_Floor1,TypeA
1097,2025-04-05 23:13:49,15.53,34.02,BuildingB_Floor2,TypeA
1060,2025-04-07 03:27:53,24.37,79.68,BuildingA_Floor2,TypeB
1089,2025-04-06 23:30:14,19.82,37.37,BuildingB_Floor1,TypeA
1049,2025-04-04 07:27:01,31.24,77.58,BuildingB_Floor1,TypeC
1023,2025-04-07 02:22:26,20.86,45.72,BuildingA_Floor2,TypeA
1037,2025-04-06 03:38:16,21.12,72.62,BuildingA_Floor1,TypeB
1069,2025-04-03 17:05:14,25.94,67.92,BuildingB_Floor1,TypeC
1038,2025-04-03 20:05:38,15.4,68.7,BuildingB_Floor1,TypeA
1051,2025-04-05 06:02:36,19.12,43.74,BuildingB_Floor1,TypeB
1031,2025-04-06 17:30:01,34.7,62.48,BuildingB_Floor1,TypeC
1031,2025-04-05 09:31:36,24.66,33.86,BuildingA_Floor1,TypeB
1044,2025-04-04 22:36:11,28.59,78.93,BuildingA_Floor1,TypeA
1032,2025-04-03 22:23:24,17.87,43.6,BuildingA_Floor2,TypeA
1017,2025-04-05 13:35:08,30.83,65.72,BuildingB_Floor1,TypeA
1022,2025-04-06 10:04:38,22.5,44.92,BuildingB_Floor2,TypeA
1011,2025-04-07 00:01:00,33.67,58.99,BuildingB_Floor2,TypeB
1050,2025-04-07 13:01:36,24.21,52.15,BuildingA_Floor1,TypeB
1083,2025-04-03 08:51:45,30.68,61.26,BuildingB_Floor1,TypeB
1099,2025-04-06 09:42:21,33.66,68.44,BuildingB_Floor2,TypeC
1094,2025-04-04 23:56:29,23.85,43.22,BuildingB_Floor1,TypeC
1039,2025-04-06 18:55:24,28.02,47.07,BuildingB_Floor1,TypeA
1079,2025-04-03 05:37:29,34.78,34.0,BuildingA_Floor2,TypeA
1024,2025-04-07 21:58:26,29.69,64.09,BuildingB_Floor1,TypeB
1046,2025-04-03 15:42:17,29.81,76.33,BuildingA_Floor2,TypeC
1034,2025-04-03 11:18:30,21.27,77.39,BuildingB_Floor2,TypeA
1051,2025-04-04 14:12:53,21.1,56.76,BuildingB_Floor1,TypeB
1100,2025-04-03 07:05:12,27.96,42.37,BuildingB_Floor1,TypeC
1035,2025-04-04 01:09:18,27.85,57.08,BuildingB_Floor1,TypeA
1042,2025-04-07 09:52:16,17.01,62.97,BuildingA_Floor2,TypeA
1045,2025-04-03 02:28:59,15.13,65.93,BuildingB_Floor2,TypeC
1022,2025-04-07 04:25:13,22.43,33.24,BuildingA_Floor2,TypeC
1086,2025-04-03 22:58:43,26.24,58.2,BuildingA_Floor1,TypeB
1049,2025-04-05 10:43:02,19.03,56.75,BuildingA_Floor2,TypeA
1060,2025-04-04 22:08:02,34.58,71.66,BuildingB_Floor1,TypeB
1072,2025-04-04 12:33:35,15.44,75.95,BuildingB_Floor1,TypeA
1033,2025-04-04 14:41:05,18.36,62.06,BuildingB_Floor1,TypeC
1053,2025-04-07 07:23:15,17.36,46.48,BuildingB_Floor2,TypeC
1068,2025-04-06 20:04:55,30.04,52.44,BuildingA_Floor1,TypeA
1035,2025-04-04 09:54:08,21.13,66.05,BuildingA_Floor2,TypeA
1082,2025-04-06 12:05:07,17.8,57.26,BuildingA_Floor2,TypeB
1085,2025-04-03 04:28:26,28.28,40.59,BuildingB_Floor1,TypeC
1081,2025-04-03 12:24:22,17.19,52.06,BuildingA_Floor1,TypeA
1029,2025-04-03 11:54:32,25.5,61.06,BuildingA_Floor2,TypeB
1019,2025-04-05 18:19:04,19.26,67.7,BuildingB_Floor1,TypeB
1067,2025-04-06 15:10:06,27.88,39.49,BuildingB_Floor2,TypeB
1000,2025-04-06 06:49:11,15.74,61.23,BuildingB_Floor2,TypeC
1026,2025-04-04 12:44:28,30.52,38.54,BuildingB_Floor2,TypeA
1054,2025-04-03 01:50:52,29.02,56.29,BuildingA_Floor2,TypeA
1089,2025-04-06 20:31:42,17.66,66.64,BuildingA_Floor2,TypeC
1079,2025-04-04 13:32:30,19.36,52.76,BuildingB_Floor1,TypeB
1027,2025-04-07 20:54:13,34.52,40.27,BuildingB_Floor1,TypeB
1079,2025-04-05 19:00:08,27.09,64.66,BuildingA_Floor1,TypeB
1070,2025-04-07 08:14:43,27.95,35.32,BuildingA_Floor2,TypeB
1040,2025-04-04 23:41:35,26.32,43.21,BuildingA_Floor2,TypeB
1030,2025-04-05 02:41:45,31.53,77.96,BuildingB_Floor1,TypeC
1023,2025-04-03 21:56:46,28.7,73.48,BuildingA_Floor1,TypeB
1073,2025-04-03 10:10:25,28.12,63.13,BuildingA_Floor2,TypeA
1053,2025-04-05 12:52:10,20.55,56.16,BuildingB_Floor2,TypeC
1013,2025-04-07 16:12:49,28.09,69.99,BuildingA_Floor2,TypeC
1036,2025-04-03 05:41:08,31.31,71.67,BuildingA_Floor2,TypeB
1089,2025-04-06 08:31:08,33.5,69.38,BuildingA_Floor1,TypeB
1035,2025-04-07 16:31:54,27.31,78.69,BuildingB_Floor2,TypeC
1008,2025-04-03 20:12:42,17.9,66.7,BuildingA_Floor2,TypeC
1026,2025-04-04 09:27:06,19.63,73.17,BuildingA_Floor2,TypeC
1085,2025-04-04 05:46:23,31.11,62.44,BuildingA_Floor1,TypeB
1005,2025-04-07 01:37:54,21.64,45.88,BuildingA_Floor2,TypeB
1096,2025-04-03 02:49:55,21.56,55.13,BuildingA_Floor2,TypeB
1024,2025-04-04 14:53:27,26.57,75.32,BuildingA_Floor1,TypeA
1009,2025-04-03 04:57:22,22.92,77.91,BuildingB_Floor2,TypeC
1057,2025-04-03 04:40:18,22.82,68.18,BuildingA_Floor2,TypeB
1058,2025-04-07 03:04:01,27.4,54.39,BuildingB_Floor1,TypeB
1023,2025-04-07 03:22:46,34.43,54.12,BuildingB_Floor1,TypeA
1057,2025-04-03 00:46:04,21.21,69.06,BuildingB_Floor2,TypeB
1006,2025-04-07 08:16:36,26.94,35.79,BuildingB_Floor1,TypeC
1037,2025-04-05 16:45:46,29.95,72.5,BuildingA_Floor2,TypeB
1087,2025-04-03 22:02:28,27.65,47.17,BuildingB_Floor1,TypeA
1049,2025-04-04 04:57:27,17.79,78.53,BuildingB_Floor2,TypeC
1005,2025-04-07 04:17:49,19.1,50.3,BuildingA_Floor2,TypeC
1049,2025-04-06 19:09:56,21.87,68.84,BuildingA_Floor1,TypeB
1032,2025-04-07 13:09:15,16.93,35.32,BuildingA_Floor1,TypeC
1038,2025-04-06 13:29:28,26.59,51.26,BuildingB_Floor2,TypeB
1025,2025-04-04 15:12:22,28.88,37.11,BuildingB_Floor1,TypeA
1024,2025-04-06 17:07:59,32.85,41.17,BuildingB_Floor1,TypeB
1068,2025-04-06 17:43:51,31.89,34.61,BuildingA_Floor1,TypeB
1096,2025-04-05 21:50:11,23.51,44.04,BuildingA_Floor2,TypeA
1032,2025-04-06 15:46:59,20.22,61.25,BuildingB_Floor2,TypeC
1011,2025-04-04 13:39:46,25.97,36.22,BuildingB_Floor2,TypeC
1008,2025-04-07 21:25:17,18.63,71.66,BuildingB_Floor2,TypeC
1094,2025-04-06 08:40:46,23.25,60.1,BuildingB_Floor1,TypeB
1021,2025-04-07 03:47:03,25.0,37.62,BuildingA_Floor1,TypeC
1054,2025-04-03 03:01:00,23.84,62.35,BuildingB_Floor2,TypeB
1017,2025-04-03 00:41:05,22.89,61.89,BuildingA_Floor2,TypeA
1081,2025-04-03 16:25:23,25.72,36.1,BuildingB_Floor2,TypeA
1088,2025-04-07 00:24:20,21.21,70.8,BuildingB_Floor1,TypeB
1012,2025-04-03 17:05:42,17.95,30.34,BuildingB_Floor1,TypeA
1091,2025-04-06 16:35:11,30.17,67.0,BuildingB_Floor1,TypeA
1079,2025-04-05 16:31:01,31.84,56.91,BuildingB_Floor2,TypeA
1004,2025-04-05 19:45:46,26.72,51.64,BuildingB_Floor1,TypeB
1019,2025-04-04 14:29:16,25.21,79.84,BuildingA_Floor1,TypeB
1002,2025-04-05 16:07:07,34.23,49.42,BuildingB_Floor1,TypeB
1000,2025-04-03 06:33:13,24.46,61.45,BuildingB_Floor1,TypeB
1093,2025-04-05 01:18:50,21.94,57.19,BuildingA_Floor2,TypeB
1005,2025-04-03 07:47:00,30.94,33.47,BuildingA_Floor1,TypeA
1019,2025-04-04 14:13:53,29.49,63.95,BuildingB_Floor1,TypeA
1046,2025-04-05 09:40:11,28.23,48.43,BuildingB_Floor1,TypeC
1023,2025-04-04 08:02:25,22.19,49.85,BuildingA_Floor2,TypeC
1032,2025-04-03 10:07:12,16.32,78.2,BuildingA_Floor1,TypeC
1073,2025-04-04 12:55:02,17.54,69.74,BuildingA_Floor2,TypeC
1018,2025-04-06 20:48:38,15.22,66.09,BuildingA_Floor2,TypeB
1074,2025-04-04 15:43:14,31.09,63.79,BuildingA_Floor2,TypeB
1000,2025-04-06 15:45:06,21.78,56.93,BuildingA_Floor1,TypeC
1094,2025-04-03 12:29:08,15.12,70.08,BuildingB_Floor1,TypeC
1070,2025-04-07 01:18:11,19.65,48.54,BuildingB_Floor1,TypeC
1090,2025-04-03 05:51:37,27.39,67.12,BuildingA_Floor2,TypeB
1068,2025-04-06 18:33:09,30.88,51.4,BuildingA_Floor1,TypeA
1083,2025-04-04 20:06:50,26.45,40.91,BuildingB_Floor1,TypeB
1044,2025-04-07 01:45:22,16.33,52.53,BuildingB_Floor2,TypeA
1060,2025-04-03 12:07:50,32.61,56.69,BuildingB_Floor1,TypeA
1091,2025-04-03 00:00:13,20.99,39.73,BuildingB_Floor2,TypeC
1050,2025-04-03 11:05:05,15.96,63.15,BuildingA_Floor1,TypeB
1019,2025-04-07 08:33:51,29.35,41.24,BuildingA_Floor2,TypeB
1015,2025-04-07 19:49:50,31.25,39.99,BuildingA_Floor2,TypeC
1042,2025-04-06 09:21:53,25.3,46.97,BuildingA_Floor2,TypeA
1049,2025-04-07 21:55:21,26.98,38.53,BuildingB_Floor2,TypeC
1038,2025-04-06 00:42:06,32.15,53.13,BuildingB_Floor1,TypeC
1008,2025-04-03 16:10:48,20.45,69.7,BuildingB_Floor1,TypeB
1039,2025-04-06 12:06:15,20.17,66.91,BuildingB_Floor2,TypeA
1010,2025-04-05 13:25:35,19.83,63.81,BuildingB_Floor1,TypeB
1087,2025-04-05 03:09:09,30.22,76.64,BuildingB_Floor2,TypeA
1059,2025-04-04 11:40:41,19.02,71.94,BuildingA_Floor1,TypeC
1061,2025-04-07 01:06:02,29.59,68.7,BuildingB_Floor1,TypeB
1007,2025-04-07 12:07:41,23.82,68.73,BuildingB_Floor1,TypeB
1073,2025-04-05 00:01:21,26.17,56.45,BuildingA_Floor2,TypeB
1079,2025-04-07 02:08:57,17.37,73.74,BuildingB_Floor2,TypeB
1065,2025-04-05 03:26:01,29.23,53.7,BuildingB_Floor2,TypeC
1028,2025-04-05 22:05:55,26.32,40.7,BuildingA_Floor2,TypeC
1066,2025-04-06 02:31:28,28.13,68.52,BuildingA_Floor2,TypeC
1044,2025-04-03 06:25:50,18.1,74.96,BuildingB_Floor2,TypeB
1024,2025-04-05 14:10:09,21.63,69.72,BuildingB_Floor1,TypeB
1029,2025-04-06 19:27:37,23.34,70.18,BuildingA_Floor1,TypeA
1018,2025-04-03 22:11:24,19.09,46.11,BuildingA_Floor2,TypeB
1097,2025-04-04 23:08:06,26.87,73.96,BuildingA_Floor2,TypeB
1049,2025-04-06 03:02:37,21.72,59.05,BuildingA_Floor1,TypeA
1065,2025-04-05 01:45:37,16.46,63.59,BuildingB_Floor1,TypeB
1092,2025-04-04 23:14:04,15.47,49.79,BuildingB_Floor1,TypeB
1008,2025-04-05 07:46:16,23.52,48.17,BuildingA_Floor2,TypeA
1048,2025-04-06 11:39:38,25.34,61.03,BuildingA_Floor2,TypeA
1068,2025-04-04 22:22:03,31.41,49.41,BuildingB_Floor1,TypeA
1030,2025-04-06 20:13:22,18.49,57.02,BuildingB_Floor1,TypeC
1009,2025-04-04 16:18:42,22.21,76.12,BuildingA_Floor1,TypeC
1089,2025-04-06 01:52:16,20.94,37.05,BuildingA_Floor2,TypeC
1027,2025-04-07 16:35:54,30.63,31.03,BuildingB_Floor2,TypeC
1028,2025-04-07 06:48:35,28.93,71.31,BuildingB_Floor2,TypeC
1081,2025-04-04 21:52:13,24.79,75.57,BuildingA_Floor1,TypeA
1072,2025-04-05 07:45:26,27.1,70.18,BuildingB_Floor1,TypeA
1062,2025-04-07 10:36:00,27.36,37.47,BuildingB_Floor1,TypeA
1040,2025-04-03 02:52:19,24.69,41.05,BuildingB_Floor2,TypeB
1087,2025-04-05 10:30:01,15.16,56.94,BuildingA_Floor2,TypeC
1076,2025-04-05 01:35:09,31.51,43.36,BuildingB_Floor1,TypeA
1030,2025-04-07 18:29:34,17.79,65.85,BuildingA_Floor1,TypeA
1068,2025-04-03 08:09:35,27.9,71.31,BuildingB_Floor2,TypeA
1082,2025-04-02 23:45:52,21.76,40.37,BuildingA_Floor2,TypeC
1013,2025-04-04 21:57:33,17.24,74.23,BuildingA_Floor1,TypeB
1092,2025-04-06 11:47:35,29.91,73.69,BuildingB_Floor1,TypeB
1069,2025-04-03 10:24:11,23.61,65.97,BuildingA_Floor1,TypeB
1032,2025-04-06 19:03:51,33.37,55.86,BuildingB_Floor2,TypeA
1035,2025-04-06 18:23:20,24.13,52.98,BuildingA_Floor1,TypeB
1034,2025-04-04 18:41:38,26.6,72.99,BuildingA_Floor1,TypeA
1091,2025-04-07 06:52:21,27.36,31.91,BuildingB_Floor2,TypeA
1043,2025-04-07 19:14:23,23.42,52.26,BuildingB_Floor1,TypeA
1062,2025-04-04 18:15:36,17.28,42.82,BuildingA_Floor1,TypeA
1006,2025-04-05 22:22:29,30.13,71.15,BuildingA_Floor2,TypeB
1070,2025-04-06 06:08:35,30.75,64.76,BuildingB_Floor1,TypeA
1082,2025-04-03 22:45:08,23.67,48.04,BuildingA_Floor1,TypeC
1091,2025-04-07 17:36:38,17.06,33.96,BuildingB_Floor1,TypeC
1007,2025-04-06 04:47:34,33.5,66.89,BuildingA_Floor2,TypeC
1038,2025-04-06 18:06:55,32.25,51.79,BuildingA_Floor2,TypeB
1000,2025-04-07 17:34:15,16.2,69.07,BuildingA_Floor1,TypeC
1096,2025-04-03 09:27:23,21.63,76.31,BuildingA_Floor2,TypeA
1090,2025-04-07 10:34:10,23.77,42.73,BuildingA_Floor2,TypeC
1100,2025-04-07 17:34:57,34.98,74.88,BuildingA_Floor2,TypeB
1002,2025-04-03 01:10:56,24.82,79.63,BuildingB_Floor1,TypeA
1040,2025-04-04 20:16:56,21.75,73.2,BuildingA_Floor2,TypeA
1074,2025-04-04 08:06:09,27.14,61.99,BuildingB_Floor2,TypeB
1027,2025-04-07 17:58:38,21.57,55.2,BuildingA_Floor1,TypeA
1091,2025-04-05 21:42:19,28.03,75.38,BuildingB_Floor1,TypeA
1015,2025-04-07 00:55:06,17.26,48.07,BuildingA_Floor1,TypeA
1044,2025-04-05 19:36:39,30.14,38.81,BuildingA_Floor2,TypeB
1091,2025-04-06 05:25:47,22.02,35.68,BuildingA_Floor1,TypeC
1084,2025-04-06 19:10:46,20.45,79.5,BuildingA_Floor2,TypeA
1017,2025-04-03 11:02:18,23.76,49.71,BuildingA_Floor1,TypeC
1008,2025-04-07 15:16:22,23.23,39.75,BuildingB_Floor2,TypeB
1066,2025-04-06 16:53:06,22.78,52.2,BuildingB_Floor2,TypeB
1008,2025-04-07 15:53:08,23.24,48.68,BuildingB_Floor2,TypeC
1009,2025-04-03 13:58:34,32.94,72.61,BuildingB_Floor1,TypeC
1004,2025-04-07 02:09:23,21.62,50.6,BuildingA_Floor2,TypeB
1000,2025-04-04 20:13:18,20.15,74.02,BuildingB_Floor2,TypeA
1052,2025-04-04 12:36:43,24.7,78.36,BuildingA_Floor2,TypeA
1040,2025-04-06 23:50:26,18.5,68.56,BuildingA_Floor1,TypeC
1021,2025-04-05 22:35:53,23.49,41.35,BuildingB_Floor1,TypeA
1008,2025-04-06 13:40:23,26.36,44.6,BuildingA_Floor2,TypeC
1099,2025-04-07 20:10:45,16.6,78.79,BuildingA_Floor1,TypeB
1075,2025-04-06 04:40:47,26.63,43.35,BuildingB_Floor2,TypeB
1083,2025-04-06 04:30:20,20.56,65.98,BuildingA_Floor1,TypeA
1049,2025-04-07 08:29:25,20.99,72.09,BuildingB_Floor1,TypeC
1056,2025-04-07 12:16:26,26.91,31.76,BuildingB_Floor1,TypeB
1085,2025-04-04 16:01:17,20.01,41.31,BuildingA_Floor1,TypeC
1014,2025-04-05 00:03:12,21.18,60.65,BuildingB_Floor1,TypeC
1016,2025-04-03 04:20:09,20.96,62.67,BuildingA_Floor1,TypeA
1015,2025-04-03 09:24:08,18.82,34.92,BuildingA_Floor2,TypeA
1074,2025-04-03 23:36:38,18.46,47.62,BuildingA_Floor2,TypeB
1047,2025-04-06 05:03:52,28.64,60.5,BuildingB_Floor1,TypeB
1027,2025-04-04 18:04:40,21.65,32.24,BuildingA_Floor2,TypeA
1064,2025-04-05 22:12:16,22.33,39.54,BuildingB_Floor2,TypeB
1046,2025-04-06 16:16:22,29.8,62.36,BuildingB_Floor1,TypeC
1072,2025-04-03 04:58:45,21.88,54.39,BuildingA_Floor2,TypeC
1020,2025-04-04 16:03:11,16.13,62.97,BuildingA_Floor2,TypeA
1099,2025-04-07 20:01:15,17.43,34.07,BuildingB_Floor1,TypeB
1000,2025-04-07 17:39:50,23.69,36.0,BuildingA_Floor2,TypeA
1050,2025-04-04 18:25:15,18.03,30.98,BuildingA_Floor1,TypeA
1091,2025-04-05 07:25:45,17.27,56.56,BuildingB_Floor2,TypeB
1066,2025-04-07 15:56:42,22.89,30.11,BuildingB_Floor1,TypeC
1060,2025-04-07 08:28:33,31.27,70.09,BuildingA_Floor2,TypeB
1090,2025-04-06 21:53:29,33.03,30.93,BuildingA_Floor1,TypeB
1100,2025-04-07 06:15:12,22.96,53.85,BuildingB_Floor1,TypeB
1100,2025-04-07 08:51:50,31.01,53.83,BuildingA_Floor2,TypeA
1006,2025-04-07 14:18:31,15.2,72.4,BuildingA_Floor2,TypeC
1094,2025-04-07 11:46:43,32.29,77.3,BuildingB_Floor1,TypeB
1001,2025-04-03 21:28:00,34.61,72.71,BuildingA_Floor2,TypeA
1039,2025-04-03 21:40:19,17.72,36.46,BuildingA_Floor2,TypeB
1036,2025-04-06 04:01:33,28.71,72.04,BuildingA_Floor1,TypeB
1020,2025-04-03 15:24:48,18.52,55.46,BuildingB_Floor2,TypeA
1041,2025-04-05 23:50:26,21.61,58.33,BuildingB_Floor1,TypeC
1011,2025-04-07 20:25:01,16.67,33.25,BuildingA_Floor1,TypeC
1004,2025-04-04 13:26:18,31.6,61.74,BuildingA_Floor1,TypeA
1022,2025-04-07 21:06:55,25.71,31.55,BuildingA_Floor1,TypeA
1005,2025-04-03 17:15:05,28.55,59.05,BuildingB_Floor1,TypeB
1061,2025-04-07 00:58:31,15.34,78.4,BuildingA_Floor1,TypeC
1051,2025-04-06 14:22:42,21.15,77.36,BuildingA_Floor1,TypeA
1068,2025-04-03 23:35:41,16.35,33.25,BuildingA_Floor1,TypeA
1030,2025-04-05 05:02:17,21.5,55.81,BuildingB_Floor2,TypeC
1077,2025-04-03 15:32:48,21.3,72.92,BuildingA_Floor1,TypeA
1080,2025-04-06 13:19:34,15.71,68.97,BuildingB_Floor1,TypeB
1066,2025-04-03 16:17:32,27.46,34.89,BuildingA_Floor2,TypeA
1062,2025-04-06 16:46:02,24.97,51.32,BuildingA_Floor1,TypeB
1061,2025-04-07 08:45:01,26.56,47.21,BuildingB_Floor1,TypeB
1008,2025-04-06 04:33:52,30.11,54.9,BuildingA_Floor2,TypeB
1042,2025-04-07 15:07:40,21.88,75.04,BuildingA_Floor1,TypeC
1039,2025-04-03 05:18:19,28.05,71.42,BuildingA_Floor1,TypeA
1081,2025-04-06 04:38:22,21.15,60.24,BuildingB_Floor1,TypeB
1100,2025-04-04 03:08:24,31.08,69.71,BuildingA_Floor2,TypeC
1042,2025-04-06 09:36:08,19.41,68.56,BuildingA_Floor1,TypeA
1051,2025-04-05 16:44:57,21.33,75.65,BuildingA_Floor2,TypeA
1047,2025-04-03 18:33:47,21.56,56.95,BuildingA_Floor1,TypeB
1066,2025-04-07 12:25:34,16.66,59.28,BuildingA_Floor1,TypeC
1074,2025-04-05 04:37:22,15.07,61.81,BuildingA_Floor2,TypeA
1019,2025-04-05 22:34:40,23.04,53.54,BuildingA_Floor2,TypeC
1010,2025-04-06 20:53:28,34.63,48.49,BuildingB_Floor1,TypeC
1049,2025-04-07 15:28:37,24.88,49.08,BuildingA_Floor2,TypeA
1056,2025-04-04 02:16:19,33.23,63.96,BuildingB_Floor2,TypeC
1067,2025-04-02 23:21:18,29.48,62.96,BuildingA_Floor1,TypeB
1075,2025-04-07 07:39:40,34.87,35.68,BuildingB_Floor2,TypeB
1086,2025-04-06 04:52:52,18.8,44.58,BuildingA_Floor1,TypeC
1099,2025-04-03 14:19:24,32.19,42.12,BuildingB_Floor2,TypeA
1031,2025-04-04 17:26:32,30.65,77.08,BuildingA_Floor2,TypeC
1011,2025-04-06 13:00:44,16.98,72.63,BuildingA_Floor2,TypeB
1050,2025-04-03 03:10:03,15.8,54.9,BuildingB_Floor2,TypeC
1085,2025-04-03 06:04:05,19.4,67.05,BuildingA_Floor1,TypeA
1025,2025-04-07 15:40:14,18.95,64.53,BuildingB_Floor1,TypeB
1042,2025-04-03 18:16:05,23.87,42.83,BuildingB_Floor2,TypeC
1076,2025-04-07 06:15:20,33.23,70.37,BuildingB_Floor1,TypeB
1062,2025-04-02 23:51:43,34.03,64.44,BuildingA_Floor2,TypeB
1017,2025-04-06 16:34:33,33.32,34.94,BuildingB_Floor2,TypeC
1063,2025-04-05 15:03:47,27.02,30.83,BuildingA_Floor2,TypeB
1046,2025-04-03 21:35:15,17.3,38.86,BuildingB_Floor2,TypeB
1027,2025-04-05 07:32:52,29.91,66.38,BuildingA_Floor2,TypeA
1070,2025-04-05 15:07:00,16.18,73.12,BuildingA_Floor2,TypeB
1025,2025-04-03 07:29:01,28.63,35.17,BuildingA_Floor2,TypeA
1057,2025-04-04 06:26:26,31.06,70.21,BuildingA_Floor2,TypeA
1027,2025-04-03 21:38:05,28.57,48.38,BuildingA_Floor2,TypeA
1041,2025-04-02 23:02:23,17.08,36.47,BuildingA_Floor2,TypeA
1059,2025-04-05 18:49:32,28.56,38.04,BuildingB_Floor2,TypeB
1047,2025-04-06 08:02:07,28.91,64.88,BuildingA_Floor2,TypeC
1034,2025-04-03 04:23:49,28.42,55.6,BuildingB_Floor2,TypeB
1051,2025-04-04 14:55:30,22.89,60.64,BuildingA_Floor1,TypeC
1099,2025-04-05 18:59:13,22.16,68.64,BuildingA_Floor2,TypeB
1038,2025-04-04 00:26:48,23.58,37.74,BuildingA_Floor1,TypeC
1060,2025-04-07 15:02:23,17.03,52.36,BuildingA_Floor1,TypeA
1049,2025-04-06 08:50:52,19.23,55.14,BuildingA_Floor2,TypeC
1088,2025-04-03 14:44:44,19.6,37.82,BuildingB_Floor2,TypeC
1032,2025-04-07 01:20:35,33.48,43.57,BuildingA_Floor1,TypeB
1087,2025-04-06 12:09:00,32.3,55.92,BuildingA_Floor1,TypeC
1100,2025-04-03 13:29:32,23.95,62.94,BuildingA_Floor1,TypeB
1085,2025-04-04 22:06:59,26.16,66.0,BuildingB_Floor1,TypeC
1000,2025-04-06 23:05:06,25.55,72.33,BuildingB_Floor2,TypeA
1050,2025-04-04 03:55:54,21.99,55.79,BuildingB_Floor2,TypeA
1004,2025-04-04 05:41:18,27.02,58.26,BuildingB_Floor1,TypeA
1031,2025-04-05 00:35:03,28.87,44.95,BuildingB_Floor1,TypeA
1000,2025-04-07 04:13:15,24.46,53.33,BuildingB_Floor1,TypeC
1038,2025-04-03 19:50:25,16.25,62.05,BuildingB_Floor1,TypeA
1067,2025-04-04 23:50:59,28.97,79.55,BuildingB_Floor1,TypeA
1032,2025-04-06 04:04:16,19.73,51.69,BuildingA_Floor2,TypeB
1053,2025-04-07 14:20:37,22.91,30.9,BuildingB_Floor1,TypeA
1004,2025-04-06 21:34:26,24.19,50.09,BuildingA_Floor1,TypeA
1050,2025-04-04 01:26:34,17.52,63.22,BuildingB_Floor1,TypeA
1080,2025-04-03 00:12:46,15.26,79.51,BuildingA_Floor2,TypeB
1081,2025-04-04 05:18:08,23.63,66.05,BuildingB_Floor1,TypeA
1061,2025-04-05 13:03:36,31.43,49.88,BuildingB_Floor1,TypeA
1021,2025-04-05 15:45:02,18.23,30.94,BuildingB_Floor2,TypeA
1080,2025-04-05 18:02:29,31.72,42.47,BuildingB_Floor1,TypeA
1000,2025-04-06 21:22:31,23.71,66.7,BuildingB_Floor2,TypeB
1099,2025-04-05 19:48:03,18.14,55.96,BuildingB_Floor2,TypeC
1023,2025-04-06 06:27:41,27.08,51.28,BuildingA_Floor1,TypeA
1037,2025-04-07 15:56:40,15.16,76.68,BuildingB_Floor1,TypeA
1026,2025-04-03 01:44:39,28.43,64.4,BuildingA_Floor1,TypeA
1060,2025-04-07 12:39:35,26.5,60.77,BuildingA_Floor2,TypeC
1028,2025-04-04 10:30:35,23.61,36.27,BuildingA_Floor1,TypeA
1074,2025-04-07 10:42:10,28.4,73.31,BuildingB_Floor2,TypeB
1012,2025-04-07 07:42:27,33.68,36.59,BuildingB_Floor2,TypeC
1074,2025-04-07 06:06:43,23.27,39.36,BuildingB_Floor2,TypeC
1052,2025-04-07 07:41:21,21.19,37.68,BuildingB_Floor1,TypeB
1100,2025-04-06 19:54:06,24.46,68.25,BuildingB_Floor2,TypeA
1038,2025-04-05 05:32:58,28.9,41.92,BuildingA_Floor2,TypeA
1019,2025-04-05 01:14:33,25.17,70.46,BuildingB_Floor2,TypeB
1019,2025-04-03 04:53:43,28.89,45.69,BuildingB_Floor2,TypeB
1076,2025-04-07 01:56:46,27.37,37.03,BuildingB_Floor2,TypeC
1008,2025-04-05 23:58:13,18.67,37.12,BuildingA_Floor2,TypeC
1012,2025-04-03 11:19:47,30.1,73.21,BuildingA_Floor2,TypeC
1054,2025-04-06 19:56:50,28.2,75.25,BuildingB_Floor1,TypeB
1100,2025-04-05 01:10:33,27.52,37.73,BuildingB_Floor1,TypeA
1003,2025-04-05 12:08:25,23.23,58.77,BuildingB_Floor2,TypeC
1062,2025-04-04 17:50:14,16.82,41.2,BuildingA_Floor1,TypeC
1080,2025-04-07 16:56:13,31.05,41.48,BuildingA_Floor2,TypeC
1093,2025-04-06 09:57:57,33.62,42.87,BuildingB_Floor2,TypeB
1093,2025-04-07 09:37:14,20.71,72.96,BuildingB_Floor2,TypeB
1099,2025-04-07 02:00:27,25.52,67.86,BuildingA_Floor2,TypeA
1017,2025-04-05 19:56:13,23.19,47.86,BuildingA_Floor2,TypeA
1049,2025-04-06 03:40:40,15.25,61.6,BuildingA_Floor1,TypeC
1022,2025-04-04 21:21:29,23.95,76.03,BuildingB_Floor2,TypeA
1026,2025-04-04 09:44:35,33.62,66.79,BuildingB_Floor1,TypeA
1033,2025-04-07 05:32:04,18.7,36.08,BuildingB_Floor2,TypeC
1006,2025-04-05 18:37:16,24.39,30.43,BuildingA_Floor2,TypeC
1021,2025-04-03 10:48:53,21.41,77.49,BuildingA_Floor2,TypeC
1011,2025-04-04 04:21:55,33.89,39.84,BuildingA_Floor1,TypeB
1052,2025-04-07 03:10:22,22.96,43.0,BuildingB_Floor2,TypeA
1007,2025-04-03 19:48:50,22.26,78.99,BuildingA_Floor2,TypeB
1065,2025-04-07 17:57:48,15.34,59.5,BuildingB_Floor2,TypeA
1094,2025-04-05 14:52:04,32.83,69.14,BuildingA_Floor2,TypeB
1065,2025-04-05 15:22:28,28.52,45.92,BuildingA_Floor1,TypeA
1069,2025-04-05 04:53:44,16.01,61.88,BuildingA_Floor1,TypeA
1096,2025-04-04 09:38:18,33.43,78.85,BuildingA_Floor2,TypeB
1005,2025-04-04 21:45:31,32.67,44.76,BuildingB_Floor1,TypeA
1076,2025-04-07 11:06:45,23.03,67.08,BuildingA_Floor1,TypeC
1035,2025-04-06 08:50:41,28.15,76.74,BuildingB_Floor1,TypeA
1015,2025-04-03 14:11:07,16.62,45.44,BuildingB_Floor2,TypeB
1031,2025-04-06 10:53:58,19.78,46.08,BuildingA_Floor2,TypeC
1058,2025-04-06 02:03:13,27.95,49.36,BuildingA_Floor2,TypeC
1071,2025-04-03 07:15:21,24.84,62.94,BuildingA_Floor2,TypeC
1007,2025-04-05 17:27:25,20.9,63.55,BuildingA_Floor2,TypeA
1089,2025-04-07 21:55:34,23.16,32.99,BuildingA_Floor1,TypeA
1034,2025-04-06 02:36:58,27.5,34.21,BuildingB_Floor2,TypeA
1029,2025-04-03 14:47:40,17.76,65.72,BuildingA_Floor1,TypeB
1094,2025-04-07 09:07:02,30.82,66.37,BuildingB_Floor1,TypeB
1090,2025-04-05 14:15:44,26.79,70.46,BuildingB_Floor2,TypeC
1069,2025-04-05 15:05:50,34.24,64.21,BuildingB_Floor1,TypeA
1022,2025-04-07 08:54:52,19.85,52.9,BuildingA_Floor2,TypeC
1089,2025-04-06 05:04:20,17.42,75.94,BuildingB_Floor2,TypeB
1028,2025-04-03 08:03:42,20.19,30.8,BuildingB_Floor2,TypeC
1008,2025-04-07 17:26:36,22.16,69.79,BuildingB_Floor2,TypeB
1025,2025-04-05 20:25:40,28.34,30.39,BuildingB_Floor1,TypeA
1021,2025-04-04 21:43:56,17.07,77.57,BuildingB_Floor1,TypeB
1001,2025-04-04 23:23:54,31.29,70.11,BuildingB_Floor2,TypeC
1007,2025-04-05 20:03:38,21.2,52.62,BuildingA_Floor2,TypeB
1021,2025-04-06 23:57:36,16.73,55.63,BuildingB_Floor1,TypeC
1024,2025-04-07 06:20:53,30.28,74.24,BuildingA_Floor2,TypeC
1035,2025-04-06 00:29:24,24.74,74.27,BuildingB_Floor1,TypeB
1094,2025-04-03 09:33:14,18.15,55.4,BuildingB_Floor1,TypeC
1008,2025-04-07 05:30:28,15.05,43.77,BuildingA_Floor2,TypeA
1034,2025-04-06 09:49:26,15.54,56.41,BuildingA_Floor2,TypeB
1038,2025-04-05 08:19:42,21.58,41.2,BuildingB_Floor2,TypeC
1050,2025-04-06 14:09:12,18.82,55.52,BuildingB_Floor2,TypeA
1067,2025-04-06 10:07:59,30.9,57.51,BuildingA_Floor1,TypeA
1093,2025-04-06 03:24:10,20.75,52.42,BuildingB_Floor2,TypeA
1005,2025-04-07 20:24:21,26.34,43.6,BuildingA_Floor1,TypeA
1094,2025-04-02 23:07:07,27.94,66.0,BuildingA_Floor1,TypeA
1001,2025-04-06 23:49:31,16.85,44.41,BuildingB_Floor2,TypeC
1058,2025-04-04 08:05:16,33.66,68.82,BuildingA_Floor1,TypeB
1016,2025-04-06 21:04:22,25.8,41.63,BuildingB_Floor1,TypeB
1057,2025-04-06 04:45:30,34.92,53.56,BuildingA_Floor1,TypeC
1091,2025-04-05 20:56:51,30.76,41.43,BuildingB_Floor2,TypeC
1069,2025-04-04 12:01:06,18.17,42.87,BuildingA_Floor2,TypeC
1089,2025-04-04 23:49:10,30.12,37.59,BuildingA_Floor2,TypeC
1068,2025-04-04 15:37:51,16.47,48.13,BuildingA_Floor1,TypeA
1093,2025-04-04 12:27:40,17.37,54.64,BuildingB_Floor1,TypeA
1009,2025-04-07 18:25:14,16.09,52.03,BuildingA_Floor2,TypeC
1060,2025-04-04 07:07:04,16.06,43.18,BuildingA_Floor1,TypeA
1065,2025-04-05 16:09:54,25.53,69.18,BuildingB_Floor1,TypeB
1026,2025-04-04 06:57:05,34.24,71.89,BuildingB_Floor2,TypeA
1004,2025-04-03 08:30:19,15.9,35.21,BuildingB_Floor2,TypeA
1085,2025-04-06 16:25:57,30.01,61.7,BuildingA_Floor2,TypeA
1051,2025-04-03 09:07:26,21.87,73.01,BuildingB_Floor1,TypeB
1084,2025-04-04 03:36:41,34.67,60.57,BuildingA_Floor2,TypeB
1007,2025-04-05 20:56:25,34.77,39.78,BuildingB_Floor1,TypeA
1047,2025-04-05 13:05:41,34.82,66.38,BuildingB_Floor2,TypeB
1062,2025-04-04 09:23:55,20.84,75.09,BuildingB_Floor2,TypeB
1077,2025-04-07 09:22:29,20.83,78.17,BuildingA_Floor1,TypeC
1027,2025-04-07 08:19:47,32.29,40.12,BuildingB_Floor2,TypeB
1048,2025-04-05 10:41:31,18.84,76.25,BuildingB_Floor2,TypeB
1092,2025-04-06 07:36:19,34.65,46.32,BuildingB_Floor1,TypeB
1000,2025-04-05 09:35:58,30.49,77.93,BuildingB_Floor1,TypeA
1002,2025-04-03 15:08:24,32.34,40.58,BuildingB_Floor1,TypeA
1068,2025-04-04 15:15:26,24.66,69.04,BuildingA_Floor2,TypeB
1036,2025-04-05 19:48:02,29.07,51.61,BuildingA_Floor1,TypeA
1038,2025-04-03 08:14:19,28.21,56.04,BuildingB_Floor1,TypeA
1081,2025-04-03 07:31:00,25.46,52.4,BuildingB_Floor1,TypeC
1017,2025-04-07 05:17:45,17.51,58.57,BuildingB_Floor2,TypeC
1013,2025-04-05 20:19:59,21.14,59.16,BuildingA_Floor2,TypeB
1060,2025-04-07 01:04:27,33.54,62.13,BuildingB_Floor1,TypeB
1026,2025-04-04 15:24:49,22.42,47.81,BuildingB_Floor2,TypeC
1057,2025-04-05 05:09:36,20.09,68.24,BuildingB_Floor2,TypeA
1093,2025-04-05 19:10:29,24.29,60.27,BuildingB_Floor1,TypeC
1067,2025-04-05 05:40:05,16.17,61.8,BuildingB_Floor1,TypeB
1025,2025-04-05 21:40:18,28.91,78.36,BuildingA_Floor1,TypeA
1008,2025-04-05 18:28:43,17.91,41.87,BuildingB_Floor2,TypeC
1037,2025-04-07 06:28:09,34.99,36.75,BuildingA_Floor1,TypeB
1082,2025-04-03 03:54:56,34.27,45.01,BuildingB_Floor1,TypeA
1063,2025-04-07 00:57:15,22.52,30.09,BuildingB_Floor2,TypeC
1082,2025-04-04 19:23:58,28.25,46.11,BuildingA_Floor1,TypeA
1065,2025-04-03 12:11:23,16.27,64.0,BuildingB_Floor2,TypeC
1029,2025-04-06 23:44:04,30.16,34.29,BuildingA_Floor2,TypeA
1027,2025-04-04 10:29:51,25.58,59.44,BuildingA_Floor1,TypeC
1003,2025-04-07 12:35:48,24.7,79.06,BuildingB_Floor2,TypeA
1085,2025-04-03 23:41:17,22.94,66.03,BuildingB_Floor1,TypeA
1074,2025-04-06 10:28:05,31.35,47.86,BuildingB_Floor1,TypeC
1085,2025-04-04 22:45:03,24.93,43.64,BuildingA_Floor1,TypeC
1097,2025-04-07 13:25:54,33.48,54.99,BuildingB_Floor2,TypeB
1025,2025-04-05 00:57:30,25.9,32.65,BuildingB_Floor2,TypeC
1020,2025-04-04 08:52:46,20.78,39.3,BuildingB_Floor1,TypeB
1031,2025-04-07 19:29:17,20.27,32.97,BuildingA_Floor2,TypeC
1074,2025-04-07 16:00:11,15.25,68.06,BuildingB_Floor1,TypeC
1040,2025-04-04 06:37:04,20.99,54.05,BuildingB_Floor2,TypeC
1050,2025-04-03 09:14:28,18.15,35.79,BuildingA_Floor2,TypeB
1003,2025-04-03 21:11:17,16.05,32.86,BuildingA_Floor2,TypeB
1058,2025-04-07 17:52:47,15.85,73.92,BuildingA_Floor2,TypeA
1032,2025-04-04 12:35:58,17.9,75.03,BuildingA_Floor2,TypeB
1077,2025-04-06 22:01:02,31.85,34.78,BuildingB_Floor2,TypeC
1080,2025-04-04 03:47:12,20.95,33.36,BuildingB_Floor2,TypeB
1084,2025-04-05 23:06:53,23.88,69.3,BuildingA_Floor1,TypeA
1001,2025-04-06 07:01:32,15.94,77.44,BuildingB_Floor2,TypeC
1066,2025-04-03 04:38:17,16.92,56.34,BuildingB_Floor2,TypeC
1064,2025-04-03 00:43:16,24.27,35.97,BuildingB_Floor2,TypeA
1071,2025-04-04 13:17:22,21.0,37.56,BuildingB_Floor1,TypeA
1021,2025-04-05 16:45:51,19.22,55.32,BuildingB_Floor2,TypeB
1081,2025-04-05 02:35:13,32.91,75.04,BuildingA_Floor2,TypeC
1072,2025-04-05 18:24:42,23.46,60.28,BuildingB_Floor2,TypeB
1057,2025-04-03 20:41:46,18.22,56.5,BuildingB_Floor2,TypeB
1015,2025-04-05 06:27:34,17.28,66.84,BuildingA_Floor2,TypeC
1091,2025-04-02 23:15:40,19.32,72.8,BuildingB_Floor1,TypeB
1038,2025-04-03 02:52:08,18.04,69.59,BuildingA_Floor2,TypeB
1041,2025-04-04 15:26:30,30.04,54.02,BuildingA_Floor1,TypeA
1058,2025-04-04 00:45:30,16.52,44.75,BuildingA_Floor2,TypeB
1084,2025-04-05 22:35:23,33.76,47.42,BuildingB_Floor2,TypeB
1012,2025-04-05 16:04:53,22.57,40.29,BuildingB_Floor2,TypeC
1098,2025-04-03 23:50:44,19.92,35.04,BuildingA_Floor2,TypeC
1056,2025-04-06 03:23:05,23.61,36.89,BuildingB_Floor1,TypeA
1056,2025-04-06 20:18:05,31.24,49.97,BuildingB_Floor2,TypeC
1061,2025-04-05 01:37:19,34.45,74.67,BuildingB_Floor1,TypeA
1097,2025-04-04 04:51:24,30.24,68.51,BuildingB_Floor1,TypeA
1043,2025-04-04 05:37:32,26.79,51.87,BuildingA_Floor1,TypeA
1061,2025-04-03 14:15:49,20.94,36.61,BuildingB_Floor1,TypeA
1041,2025-04-06 10:32:21,25.49,54.08,BuildingA_Floor1,TypeC
1000,2025-04-05 08:25:52,25.41,60.85,BuildingB_Floor2,TypeC
1061,2025-04-06 17:33:43,25.29,53.67,BuildingA_Floor1,TypeA
1095,2025-04-03 11:27:01,33.12,32.19,BuildingA_Floor1,TypeC
1081,2025-04-05 14:55:46,24.43,33.74,BuildingB_Floor2,TypeA
1070,2025-04-03 14:23:31,18.36,30.47,BuildingB_Floor2,TypeC
1095,2025-04-05 07:40:30,27.38,75.43,BuildingA_Floor1,TypeA
1065,2025-04-06 23:17:57,24.97,44.79,BuildingA_Floor1,TypeA
1013,2025-04-05 10:39:18,19.17,78.79,BuildingA_Floor2,TypeA
1038,2025-04-06 06:15:07,28.75,60.79,BuildingB_Floor2,TypeC
1013,2025-04-06 20:59:49,24.9,61.55,BuildingB_Floor1,TypeC
1019,2025-04-03 23:04:08,26.48,30.43,BuildingB_Floor2,TypeB
1035,2025-04-06 03:29:08,31.72,43.27,BuildingB_Floor2,TypeB
1058,2025-04-06 00:18:51,21.64,77.37,BuildingA_Floor2,TypeC
1076,2025-04-04 13:01:50,19.81,53.7,BuildingA_Floor1,TypeC
1021,2025-04-05 19:00:20,25.91,79.31,BuildingA_Floor2,TypeA
1064,2025-04-02 23:03:31,28.08,48.61,BuildingA_Floor1,TypeA
1092,2025-04-07 03:13:06,16.02,34.01,BuildingB_Floor1,TypeC
1066,2025-04-07 11:15:04,19.41,65.42,BuildingB_Floor2,TypeC
1043,2025-04-07 19:45:05,20.37,44.81,BuildingA_Floor1,TypeB
1001,2025-04-05 23:25:55,33.96,51.09,BuildingA_Floor1,TypeA
1091,2025-04-07 06:45:30,21.6,59.61,BuildingB_Floor2,TypeA
1069,2025-04-07 10:43:24,15.32,72.47,BuildingB_Floor1,TypeB
1086,2025-04-05 00:53:27,30.79,58.36,BuildingA_Floor1,TypeC
1032,2025-04-06 10:52:07,27.04,76.58,BuildingB_Floor2,TypeC
1002,2025-04-05 04:26:26,24.82,58.14,BuildingA_Floor2,TypeC
1081,2025-04-07 01:52:00,21.35,51.87,BuildingA_Floor2,TypeB
1055,2025-04-06 01:42:28,18.97,77.18,BuildingA_Floor2,TypeA
1045,2025-04-03 01:35:10,16.32,34.05,BuildingB_Floor1,TypeB
1035,2025-04-05 04:20:36,25.59,51.29,BuildingB_Floor1,TypeA
1057,2025-04-04 10:19:02,17.92,52.41,BuildingA_Floor2,TypeB
1043,2025-04-06 07:50:15,28.21,76.47,BuildingA_Floor2,TypeC
1099,2025-04-06 20:06:55,32.56,38.57,BuildingA_Floor2,TypeC
1087,2025-04-07 17:30:46,33.96,73.37,BuildingB_Floor1,TypeB
1041,2025-04-07 17:44:52,31.19,61.0,BuildingA_Floor1,TypeC
1070,2025-04-03 03:11:24,20.59,79.78,BuildingA_Floor2,TypeC
1065,2025-04-03 16:03:52,20.03,71.72,BuildingA_Floor1,TypeB
1013,2025-04-04 12:09:45,33.34,44.5,BuildingB_Floor2,TypeC
1067,2025-04-04 01:26:37,16.19,38.83,BuildingA_Floor1,TypeB
1027,2025-04-05 04:29:40,25.86,57.01,BuildingA_Floor2,TypeB
1045,2025-04-04 20:41:46,27.91,33.31,BuildingA_Floor1,TypeA
1011,2025-04-06 06:54:12,30.02,30.05,BuildingA_Floor1,TypeC
1038,2025-04-05 01:52:52,31.77,32.49,BuildingB_Floor2,TypeA
1099,2025-04-07 22:36:51,25.07,39.98,BuildingB_Floor2,TypeA
1097,2025-04-07 12:38:27,20.67,41.59,BuildingB_Floor1,TypeB
1032,2025-04-07 15:05:50,20.74,58.05,BuildingB_Floor2,TypeA
1078,2025-04-06 04:42:46,30.56,53.95,BuildingB_Floor1,TypeA
1100,2025-04-06 17:30:22,20.18,52.18,BuildingA_Floor2,TypeA
1063,2025-04-07 16:34:04,22.27,45.07,BuildingB_Floor1,TypeC
1054,2025-04-04 20:50:02,27.48,56.45,BuildingA_Floor1,TypeB
1079,2025-04-05 00:59:52,22.98,66.53,BuildingB_Floor2,TypeA
1093,2025-04-03 01:10:15,27.39,75.2,BuildingA_Floor2,TypeA
1088,2025-04-04 04:13:26,32.32,41.18,BuildingB_Floor1,TypeB
1091,2025-04-04 06:48:57,28.44,78.78,BuildingA_Floor1,TypeB
1019,2025-04-06 17:47:27,16.72,65.18,BuildingA_Floor2,TypeB
1011,2025-04-07 15:05:10,32.88,40.72,BuildingA_Floor2,TypeC
1075,2025-04-04 00:48:14,21.14,33.53,BuildingB_Floor1,TypeC
1090,2025-04-07 08:13:00,34.86,77.84,BuildingB_Floor1,TypeC
1009,2025-04-05 06:12:56,25.9,74.28,BuildingA_Floor2,TypeB
1091,2025-04-04 14:16:02,32.72,59.45,BuildingA_Floor2,TypeA
1088,2025-04-06 20:17:17,15.38,74.28,BuildingB_Floor1,TypeA
1003,2025-04-05 16:34:07,16.37,35.74,BuildingA_Floor1,TypeB
1064,2025-04-07 18:52:14,32.12,71.56,BuildingA_Floor1,TypeC
1050,2025-04-06 19:51:23,30.56,54.79,BuildingA_Floor2,TypeC
1058,2025-04-06 12:18:03,19.24,60.57,BuildingA_Floor2,TypeC
1080,2025-04-06 08:31:07,24.02,73.83,BuildingB_Floor1,TypeB
1089,2025-04-04 06:31:06,17.43,48.56,BuildingA_Floor1,TypeC
1048,2025-04-05 17:04:19,25.44,41.05,BuildingB_Floor2,TypeB
1002,2025-04-05 21:00:47,32.77,44.66,BuildingB_Floor2,TypeC
1079,2025-04-05 14:13:23,17.63,42.07,BuildingB_Floor2,TypeA
1009,2025-04-05 04:18:11,34.21,62.03,BuildingA_Floor2,TypeC
1092,2025-04-05 16:40:54,34.49,40.58,BuildingA_Floor2,TypeC
1018,2025-04-05 00:45:24,22.51,69.23,BuildingB_Floor2,TypeC
1039,2025-04-04 07:40:54,15.97,36.96,BuildingA_Floor2,TypeA
1011,2025-04-05 02:07:26,26.22,30.91,BuildingA_Floor1,TypeB
1000,2025-04-05 05:02:25,19.97,62.35,BuildingA_Floor2,TypeA
1004,2025-04-07 10:59:29,28.91,65.42,BuildingA_Floor2,TypeB
1003,2025-04-04 19:50:15,21.42,40.85,BuildingA_Floor1,TypeC
1065,2025-04-04 00:18:58,34.88,60.4,BuildingA_Floor2,TypeA
1000,2025-04-04 17:00:14,25.03,75.06,BuildingA_Floor1,TypeB
1061,2025-04-04 03:42:45,19.56,66.14,BuildingA_Floor1,TypeA
1043,2025-04-05 22:33:45,18.72,48.64,BuildingA_Floor2,TypeC
1054,2025-04-06 11:22:25,25.26,60.66,BuildingB_Floor1,TypeB
1003,2025-04-03 17:03:51,18.23,68.61,BuildingB_Floor2,TypeA
1059,2025-04-05 06:21:48,15.63,40.39,BuildingA_Floor2,TypeA
1017,2025-04-05 22:30:40,27.44,40.26,BuildingB_Floor1,TypeC
1050,2025-04-06 19:30:26,32.62,69.79,BuildingB_Floor1,TypeC
1076,2025-04-05 12:17:03,33.68,79.21,BuildingB_Floor2,TypeA
1034,2025-04-07 14:00:28,17.97,63.46,BuildingA_Floor2,TypeA
1013,2025-04-06 18:53:29,28.85,61.5,BuildingA_Floor2,TypeB
1031,2025-04-04 21:25:38,32.52,60.35,BuildingA_Floor2,TypeA
1082,2025-04-06 02:35:48,21.44,73.85,BuildingB_Floor1,TypeC
1039,2025-04-05 03:35:02,23.91,64.45,BuildingB_Floor1,TypeA
1024,2025-04-04 12:30:00,31.62,53.6,BuildingA_Floor2,TypeA
1094,2025-04-04 08:11:46,18.99,51.71,BuildingA_Floor1,TypeC
1064,2025-04-07 15:11:51,16.86,70.02,BuildingB_Floor1,TypeB
1036,2025-04-05 09:49:08,21.1,34.64,BuildingA_Floor1,TypeA
1039,2025-04-03 04:32:40,27.81,76.0,BuildingA_Floor2,TypeC
1005,2025-04-04 15:31:28,30.19,60.51,BuildingB_Floor2,TypeB
1099,2025-04-07 03:16:53,26.38,45.74,BuildingB_Floor1,TypeC
1080,2025-04-07 20:16:16,24.26,43.94,BuildingA_Floor1,TypeB
1003,2025-04-04 14:53:16,25.34,73.67,BuildingA_Floor2,TypeA
1079,2025-04-06 14:13:06,22.31,34.09,BuildingB_Floor2,TypeA
1041,2025-04-05 16:28:59,32.86,47.44,BuildingA_Floor2,TypeC
1016,2025-04-07 03:16:12,22.43,54.94,BuildingB_Floor2,TypeB
1057,2025-04-06 04:27:08,15.12,79.54,BuildingA_Floor1,TypeC
1013,2025-04-06 19:23:18,22.04,36.07,BuildingA_Floor2,TypeC
1094,2025-04-06 18:38:30,29.96,57.63,BuildingB_Floor2,TypeC
1019,2025-04-05 14:16:20,34.55,44.0,BuildingA_Floor2,TypeB
1064,2025-04-06 22:18:54,23.88,45.3,BuildingA_Floor2,TypeB
1052,2025-04-04 14:35:45,15.27,42.07,BuildingA_Floor1,TypeA
1084,2025-04-07 09:51:34,32.19,68.76,BuildingB_Floor2,TypeC
1026,2025-04-05 02:40:38,31.88,37.32,BuildingA_Floor2,TypeC
1091,2025-04-05 10:45:41,32.08,60.23,BuildingB_Floor1,TypeA
1033,2025-04-07 14:58:16,21.8,71.59,BuildingB_Floor1,TypeC
1045,2025-04-04 14:33:19,15.19,54.3,BuildingA_Floor1,TypeB
1099,2025-04-07 17:20:16,20.82,78.72,BuildingB_Floor2,TypeA
1055,2025-04-05 04:40:59,29.47,52.73,BuildingA_Floor1,TypeA
1011,2025-04-07 20:47:11,21.79,35.27,BuildingB_Floor1,TypeC
1076,2025-04-04 04:11:08,31.26,41.69,BuildingB_Floor2,TypeB
1091,2025-04-06 03:08:31,32.2,68.05,BuildingA_Floor1,TypeB
1060,2025-04-05 01:21:46,24.76,35.97,BuildingB_Floor1,TypeB
1099,2025-04-06 07:24:35,25.34,42.64,BuildingA_Floor1,TypeB
1070,2025-04-07 03:42:15,18.92,65.22,BuildingB_Floor1,TypeB
1013,2025-04-05 05:34:15,19.31,43.03,BuildingB_Floor1,TypeB
1020,2025-04-06 08:35:09,27.25,41.64,BuildingB_Floor1,TypeB
1059,2025-04-07 10:38:51,18.79,77.9,BuildingA_Floor2,TypeA
1022,2025-04-07 02:12:09,32.86,78.89,BuildingA_Floor2,TypeC
1060,2025-04-04 06:00:46,19.8,32.53,BuildingB_Floor1,TypeC
1077,2025-04-07 02:21:29,19.3,79.67,BuildingB_Floor1,TypeB
1079,2025-04-02 22:53:28,22.06,61.52,BuildingA_Floor1,TypeA
1009,2025-04-07 16:23:45,32.33,35.31,BuildingB_Floor1,TypeC
1068,2025-04-06 15:44:56,20.43,45.07,BuildingB_Floor1,TypeB
1014,2025-04-03 09:16:33,25.57,54.55,BuildingA_Floor1,TypeA
1007,2025-04-03 09:21:37,29.54,59.79,BuildingA_Floor1,TypeB
1023,2025-04-03 07:27:33,16.89,46.01,BuildingB_Floor2,TypeC
1043,2025-04-05 04:27:21,17.45,44.6,BuildingB_Floor2,TypeB
1033,2025-04-04 07:48:57,22.48,63.44,BuildingA_Floor1,TypeC
1030,2025-04-03 23:15:04,24.86,38.61,BuildingA_Floor2,TypeC
1015,2025-04-04 01:30:42,32.61,60.66,BuildingA_Floor2,TypeC
1038,2025-04-03 04:40:38,33.95,31.14,BuildingA_Floor1,TypeB
1090,2025-04-06 01:39:43,22.93,75.66,BuildingA_Floor1,TypeA
1012,2025-04-07 16:30:52,22.9,73.04,BuildingA_Floor2,TypeB
1072,2025-04-03 14:36:06,15.98,33.99,BuildingB_Floor1,TypeA
1059,2025-04-05 18:42:14,25.15,58.75,BuildingA_Floor2,TypeA
1043,2025-04-04 23:22:44,24.09,39.6,BuildingA_Floor2,TypeB
1092,2025-04-07 21:18:31,28.49,49.01,BuildingA_Floor1,TypeB
1084,2025-04-06 12:30:09,31.1,69.2,BuildingA_Floor2,TypeB
1064,2025-04-04 16:55:19,17.93,32.57,BuildingA_Floor2,TypeC
1034,2025-04-06 04:56:27,20.73,53.04,BuildingB_Floor1,TypeA
1033,2025-04-06 20:28:35,23.03,33.46,BuildingA_Floor2,TypeB
1085,2025-04-07 12:13:41,15.44,34.49,BuildingA_Floor2,TypeC
1072,2025-04-07 12:36:55,16.34,73.49,BuildingB_Floor1,TypeC
1023,2025-04-05 17:13:51,24.51,56.99,BuildingA_Floor1,TypeB
1068,2025-04-03 17:39:53,27.01,55.33,BuildingA_Floor2,TypeA
1025,2025-04-02 23:07:09,24.57,62.16,BuildingA_Floor2,TypeB
1046,2025-04-04 01:29:39,34.24,38.98,BuildingA_Floor2,TypeC
1029,2025-04-03 09:59:54,24.51,79.09,BuildingA_Floor1,TypeC
1079,2025-04-07 07:06:40,30.2,62.15,BuildingB_Floor1,TypeB
1001,2025-04-05 10:16:39,15.94,46.74,BuildingB_Floor1,TypeA
1042,2025-04-06 21:04:32,33.09,69.13,BuildingA_Floor2,TypeC
1006,2025-04-05 02:18:47,31.02,55.83,BuildingB_Floor2,TypeC
1084,2025-04-03 19:58:55,30.45,64.31,BuildingA_Floor1,TypeA
1047,2025-04-05 06:19:09,24.02,43.99,BuildingB_Floor1,TypeA
1024,2025-04-06 05:42:34,30.25,45.94,BuildingA_Floor1,TypeA
1064,2025-04-05 22:46:37,29.62,67.66,BuildingA_Floor2,TypeC
1089,2025-04-03 19:27:24,25.88,32.36,BuildingA_Floor2,TypeB
1015,2025-04-05 16:05:00,30.44,56.38,BuildingB_Floor1,TypeB
1055,2025-04-04 15:16:03,33.67,49.21,BuildingB_Floor2,TypeB
1032,2025-04-05 12:59:00,19.3,30.9,BuildingA_Floor2,TypeA
1025,2025-04-05 21:38:19,19.34,68.3,BuildingA_Floor1,TypeC
1033,2025-04-07 09:30:49,27.88,78.43,BuildingB_Floor1,TypeA
1087,2025-04-06 11:04:27,32.72,42.15,BuildingB_Floor1,TypeB
1004,2025-04-07 18:44:02,16.89,73.16,BuildingA_Floor2,TypeB
1051,2025-04-07 20:53:34,24.1,53.06,BuildingB_Floor2,TypeC
1000,2025-04-05 07:53:00,20.08,50.59,BuildingB_Floor1,TypeA
1098,2025-04-03 14:45:05,26.14,58.64,BuildingA_Floor1,TypeB
1067,2025-04-06 14:54:47,19.13,71.74,BuildingB_Floor1,TypeB
1054,2025-04-03 15:52:42,26.48,61.88,BuildingA_Floor2,TypeB
1010,2025-04-06 01:02:42,16.88,78.74,BuildingA_Floor2,TypeA
1049,2025-04-03 15:48:45,28.72,59.58,BuildingA_Floor2,TypeC
1087,2025-04-07 01:46:13,20.01,68.36,BuildingB_Floor1,TypeB
1003,2025-04-06 10:51:38,34.88,45.05,BuildingB_Floor1,TypeC
1088,2025-04-06 16:31:47,23.08,38.31,BuildingB_Floor1,TypeA
1010,2025-04-03 17:23:03,22.28,58.2,BuildingB_Floor2,TypeA
1086,2025-04-04 01:32:08,23.89,47.17,BuildingB_Floor2,TypeB
1081,2025-04-03 19:12:08,30.39,73.78,BuildingB_Floor1,TypeB
1048,2025-04-07 12:32:12,16.63,74.25,BuildingB_Floor1,TypeB
1090,2025-04-06 04:11:01,24.63,45.09,BuildingA_Floor1,TypeA
1008,2025-04-07 13:18:40,17.99,55.9,BuildingA_Floor2,TypeC
1027,2025-04-07 12:21:25,22.94,56.11,BuildingB_Floor1,TypeA
1023,2025-04-07 08:35:10,17.98,46.36,BuildingB_Floor2,TypeA
1013,2025-04-04 18:46:40,28.2,32.18,BuildingB_Floor2,TypeB
1039,2025-04-06 22:39:56,23.58,47.17,BuildingB_Floor1,TypeB
1056,2025-04-04 07:15:51,22.7,33.8,BuildingB_Floor2,TypeC
1099,2025-04-02 23:01:45,21.45,43.08,BuildingA_Floor2,TypeA
1053,2025-04-06 16:22:33,22.78,78.96,BuildingA_Floor1,TypeC
1069,2025-04-06 12:37:37,27.83,56.25,BuildingA_Floor2,TypeB
1092,2025-04-04 09:08:53,31.55,50.97,BuildingB_Floor1,TypeA
1095,2025-04-05 04:09:26,34.45,46.23,BuildingA_Floor1,TypeB
1039,2025-04-03 17:09:14,23.14,75.28,BuildingB_Floor2,TypeB
1000,2025-04-07 18:59:56,20.13,48.82,BuildingB_Floor2,TypeC
1069,2025-04-05 14:50:59,31.17,38.78,BuildingA_Floor2,TypeA
1088,2025-04-03 03:54:17,28.83,79.8,BuildingB_Floor2,TypeC
1074,2025-04-05 04:26:33,17.37,35.54,BuildingB_Floor2,TypeC
1099,2025-04-07 05:19:15,31.79,46.32,BuildingA_Floor2,TypeA
1058,2025-04-06 12:16:21,20.64,56.22,BuildingA_Floor1,TypeA
1066,2025-04-07 00:16:19,19.31,37.21,BuildingB_Floor1,TypeA
1035,2025-04-05 09:51:43,32.89,51.38,BuildingB_Floor2,TypeB
1012,2025-04-03 07:32:20,24.88,48.36,BuildingA_Floor1,TypeA
1009,2025-04-07 16:57:50,25.73,53.35,BuildingB_Floor1,TypeA
1005,2025-04-03 21:44:54,29.93,52.81,BuildingB_Floor1,TypeC
1068,2025-04-04 02:39:34,15.19,43.48,BuildingA_Floor2,TypeC
1089,2025-04-06 03:17:31,21.45,70.47,BuildingB_Floor1,TypeB
1043,2025-04-04 15:54:14,30.97,73.64,BuildingB_Floor2,TypeC
1092,2025-04-07 00:19:20,30.56,59.55,BuildingA_Floor2,TypeB
1024,2025-04-05 06:53:40,19.33,44.95,BuildingA_Floor2,TypeC
1021,2025-04-07 17:52:42,32.41,46.53,BuildingB_Floor2,TypeB
1035,2025-04-05 09:48:29,34.57,55.01,BuildingA_Floor2,TypeB
1023,2025-04-07 01:30:38,21.41,46.23,BuildingB_Floor1,TypeC
1018,2025-04-03 23:43:27,27.6,46.2,BuildingB_Floor2,TypeA
1028,2025-04-07 06:28:33,24.32,45.95,BuildingA_Floor2,TypeA
1032,2025-04-06 20:36:20,21.06,41.99,BuildingA_Floor1,TypeC
1086,2025-04-06 15:50:56,22.94,39.06,BuildingB_Floor2,TypeB
1001,2025-04-03 14:01:28,16.09,62.03,BuildingB_Floor2,TypeB
1046,2025-04-04 23:00:56,20.75,49.32,BuildingB_Floor2,TypeC
1069,2025-04-03 03:08:58,22.66,79.87,BuildingA_Floor2,TypeA
1072,2025-04-05 09:25:55,32.71,77.53,BuildingA_Floor1,TypeC
1004,2025-04-05 02:59:53,27.62,76.94,BuildingA_Floor1,TypeC
1031,2025-04-06 17:33:41,32.38,63.63,BuildingB_Floor2,TypeA
1003,2025-04-03 13:03:12,27.53,44.16,BuildingA_Floor1,TypeC
1069,2025-04-05 06:55:43,18.35,54.19,BuildingA_Floor1,TypeA
1090,2025-04-05 18:18:04,24.64,66.38,BuildingA_Floor1,TypeB
1069,2025-04-05 06:57:53,26.52,63.89,BuildingB_Floor1,TypeC
1031,2025-04-03 06:06:57,16.22,33.13,BuildingB_Floor2,TypeC
1027,2025-04-06 02:19:55,27.04,46.69,BuildingA_Floor2,TypeB
1000,2025-04-04 20:36:06,27.93,32.47,BuildingB_Floor2,TypeC
1033,2025-04-05 00:59:19,18.75,33.38,BuildingB_Floor2,TypeC
1055,2025-04-05 06:19:47,17.66,36.24,BuildingB_Floor2,TypeC
1011,2025-04-07 18:29:11,24.1,70.49,BuildingB_Floor2,TypeA
1045,2025-04-03 19:57:02,34.08,73.68,BuildingB_Floor1,TypeA
1037,2025-04-06 02:20:23,31.65,55.37,BuildingA_Floor2,TypeA
1097,2025-04-05 14:33:57,33.15,50.93,BuildingA_Floor1,TypeA
1012,2025-04-06 07:29:48,15.97,74.64,BuildingA_Floor1,TypeB
1022,2025-04-07 11:17:59,19.11,76.44,BuildingA_Floor1,TypeB
1094,2025-04-05 07:41:40,34.63,45.96,BuildingA_Floor2,TypeA
